title,artist,top genre,year released,added,bpm,nrgy,dnce,dB,live,val,dur,acous,spch,pop,top year,artist type
Hurts So Good,Astrid S,alt z,2016,2020‑06‑08,120,0.737,0.785,-5.306,0.108,0.971,218960,0.042,0.0363,77,2016,Solo
Gold,Kiiara,alt z,2015,2020‑06‑08,113,0.696,0.629,-5.572,0.0554,0.623,207627,0.0195,0.348,64,2016,Solo
Easier,5 Seconds of Summer,boy band,2019,2020‑06‑22,176,0.399,0.547,-9.808,0.132,0.563,174707,0.668,0.0246,74,2019,Band/Group
i'm so tired...,Lauv,dance pop,2019,2020‑06‑22,102,0.806,0.736,-7.47,0.162,0.418,156605,0.14,0.0987,81,2019,Solo
Options,NSG,afro dancehall,2018,2020‑08‑20,102,0.798,0.47,-5.504,0.291,0.119,141199,0.0079,0.129,62,2019,Band/Group
When You Love Someone,James TW,neo mellow,2019,2020‑06‑08,126,0.453,0.682,-6.09,0.0543,0.348,216560,0.263,0.0278,79,2016,Solo
Alaska,Maggie Rogers,indie pop,2019,2021‑08‑09,104,0.386,0.847,-10.668,0.108,0.178,188000,0.411,0.0507,70,2016,Solo
NUMB,Hayden James,aussietronica,2019,2021‑06‑25,148,0.87,0.488,-4.185,0.484,0.211,187520,0.00353,0.0421,64,2017,Solo
Strip That Down (feat. Quavo),Liam Payne,dance pop,2019,2021‑01‑28,106,0.495,0.873,-5.446,0.0805,0.546,202062,0.199,0.0518,75,2017,Solo
Despacito,Luis Fonsi,latin,2019,2021‑01‑28,178,0.797,0.655,-4.787,0.067,0.839,229360,0.198,0.153,83,2017,Solo
Simple,Florida Georgia Line,contemporary country,2019,2020‑06‑22,200,0.752,0.422,-8.682,0.129,0.404,356627,0.0366,0.0449,75,2018,Duo
Strangers,Sigrid,dance pop,2019,2020‑06‑22,115,0.523,0.628,-8.307,0.219,0.416,172965,0.701,0.0946,64,2018,Solo
Ladbroke Grove,AJ Tracey,grime,2019,2020‑08‑20,134,0.839,0.902,-9.447,0.102,0.727,190537,0.0933,0.208,73,2019,Solo
China,Anuel AA,latin,2019,2020‑06‑22,105,0.91,0.623,-8.448,0.081,0.745,195307,0.319,0.0384,80,2019,Solo
Secreto,Anuel AA,latin,2019,2020‑06‑22,92,0.74,0.729,-7.524,0.288,0.416,152903,0.159,0.0439,79,2019,Solo
7 rings,Ariana Grande,dance pop,2019,2020‑06‑22,140,0.317,0.777,-10.732,0.0881,0.33,178627,0.591,0.308,88,2019,Solo
"thank u, next",Ariana Grande,dance pop,2019,2020‑06‑22,107,0.654,0.72,-5.634,0.101,0.411,207320,0.227,0.0647,85,2019,Solo
"break up with your girlfriend, i'm bored",Ariana Grande,dance pop,2019,2020‑06‑22,170,0.886,0.516,-4.869,0.149,0.636,192000,0.0261,0.0457,81,2019,Solo
boyfriend (with Social House),Ariana Grande,dance pop,2019,2020‑06‑22,190,0.795,0.4,-3.731,0.159,0.702,186107,0.119,0.461,81,2019,Solo
On A Roll,Ashley O,pop,2019,2020‑06‑22,125,0.745,0.695,-4.566,0.0863,0.485,198116,0.0124,0.0292,62,2019,Solo
Callaita,Bad Bunny,latin,2019,2020‑06‑22,176,0.626,0.608,-4.773,0.25,0.246,250534,0.597,0.301,86,2019,Solo
bad guy,Billie Eilish,art pop,2019,2020‑06‑22,135,0.425,0.701,-10.965,0.1,0.562,194088,0.328,0.375,88,2019,Solo
when the party's over,Billie Eilish,art pop,2019,2020‑06‑22,83,0.173,0.435,-16.188,0.384,0.401,146413,0.914,0.0627,85,2019,Solo
bury a friend,Billie Eilish,art pop,2019,2020‑06‑22,120,0.389,0.905,-14.505,0.106,0.196,193143,0.74,0.332,80,2019,Solo
Kill This Love,BLACKPINK,k-pop,2019,2020‑06‑22,132,0.835,0.763,-5.234,0.225,0.645,191050,0.323,0.191,79,2019,Band/Group
The Git Up,Blanco Brown,black americana,2019,2020‑06‑22,98,0.678,0.847,-8.635,0.274,0.811,200594,0.0669,0.109,74,2019,Solo
Boy With Luv (feat. Halsey),BTS,k-pop,2019,2020‑06‑22,120,0.862,0.645,-4.761,0.193,0.803,229773,0.0933,0.0845,86,2019,Band/Group
Please Me,Cardi B,dance pop,2019,2020‑06‑22,134,0.468,0.241,-9.579,0.161,0.451,112707,0.534,0.0272,79,2019,Solo
Suge,DaBaby,north carolina hip hop,2019,2020‑06‑22,75,0.662,0.876,-6.482,0.127,0.844,163320,0.0608,0.426,77,2019,Solo
Location (feat. Burna Boy),Dave,uk hip hop,2019,2020‑06‑22,110,0.496,0.812,-5.969,0.0955,0.55,241293,0.271,0.297,81,2019,Solo
Juicy,Doja Cat,dance pop,2019,2020‑06‑22,170,0.818,0.889,-4.639,0.179,0.782,302760,0.47,0.253,62,2019,Solo
Money In The Grave (Drake ft. Rick Ross),Drake,canadian hip hop,2019,2020‑06‑22,101,0.502,0.831,-4.045,0.122,0.101,205427,0.101,0.046,82,2019,Solo
Don't Start Now,Dua Lipa,dance pop,2019,2020‑06‑22,124,0.185,0.498,-12.205,0.237,0.707,181347,0.876,0.0484,84,2019,Solo
Take Me Back to London (feat. Stormzy),Ed Sheeran,pop,2019,2020‑06‑22,138,0.762,0.885,-5.513,0.162,0.605,189733,0.219,0.216,71,2019,Solo
Cross Me (feat. Chance the Rapper & PnB Rock),Ed Sheeran,pop,2019,2020‑06‑22,95,0.787,0.746,-6.373,0.0669,0.607,206187,0.212,0.12,69,2019,Solo
Antisocial (with Travis Scott),Ed Sheeran,pop,2019,2020‑06‑22,152,0.823,0.716,-5.313,0.361,0.91,161747,0.132,0.0495,68,2019,Solo
Leave Me Alone,Flipp Dinero,melodic rap,2019,2020‑06‑22,150,0.743,0.792,-2.806,0.183,0.742,195637,0.107,0.0851,75,2019,Solo
Lost in the Fire (feat. The Weeknd),Gesaffelstein,dark clubbing,2019,2021‑10‑28,101,0.671,0.658,-12.21,0.115,0.165,202093,0.0928,0.0364,89,2019,Solo
emotions,iann dior,melodic rap,2019,2021‑08‑17,81,0.631,0.63,-6.211,0.142,0.163,131213,0.0129,0.0396,77,2019,Solo
gone girl,iann dior,melodic rap,2019,2021‑08‑17,95,0.438,0.429,-7.719,0.139,0.417,244027,0.561,0.0626,75,2019,Solo
MIDDLE CHILD,J. Cole,conscious hip hop,2019,2020‑06‑22,124,0.364,0.837,-11.713,0.271,0.463,213594,0.149,0.276,85,2019,Solo
All Day And Night,Jax Jones,dance pop,2019,2020‑06‑22,122,0.915,0.563,-5.062,0.0613,0.71,142227,0.247,0.08,64,2019,Solo
Sorry,Joel Corry,dance pop,2019,2020‑06‑22,125,0.675,0.819,-4.281,0.289,0.602,207747,0.0318,0.0727,68,2019,Solo
Sucker,Jonas Brothers,boy band,2019,2020‑06‑22,138,0.734,0.842,-5.065,0.106,0.952,181027,0.0427,0.0588,84,2019,Band/Group
Only Human,Jonas Brothers,boy band,2019,2020‑06‑22,94,0.496,0.795,-5.883,0.0645,0.873,183000,0.107,0.0721,76,2019,Band/Group
Robbery,Juice WRLD,chicago rap,2019,2020‑06‑22,80,0.692,0.623,-5.122,0.153,0.566,240051,0.328,0.0504,84,2019,Solo
Good as You,Kane Brown,black americana,2019,2020‑06‑22,154,0.919,0.682,-3.18,0.442,0.535,159736,0.256,0.0875,70,2019,Solo
Nights Like This (feat. Ty Dolla $ign),Kehlani,dance pop,2019,2020‑06‑22,146,0.725,0.61,-5.131,0.154,0.291,201788,0.367,0.15,80,2019,Solo
Talk (feat. Disclosure),Khalid,pop,2019,2020‑06‑22,136,0.4,0.9,-8.575,0.0599,0.346,197573,0.0516,0.127,76,2019,Solo
Doin' Time,Lana Del Rey,art pop,2019,2020‑06‑22,145,0.559,0.641,-11.132,0.0937,0.523,202193,0.404,0.0355,83,2019,Solo
Someone You Loved,Lewis Capaldi,pop,2019,2020‑06‑22,110,0.405,0.501,-5.679,0.105,0.446,182161,0.751,0.0319,89,2019,Solo
Grace,Lewis Capaldi,pop,2019,2020‑06‑22,104,0.513,0.824,-6.263,0.109,0.179,203438,0.384,0.36,72,2019,Solo
Old Town Road - Remix,Lil Nas X,lgbtq+ hip hop,2019,2020‑06‑22,136,0.619,0.878,-5.56,0.113,0.639,157067,0.0533,0.102,83,2019,Solo
Old Town Road,Lil Nas X,lgbtq+ hip hop,2019,2020‑06‑22,136,0.619,0.878,-5.56,0.113,0.639,157067,0.0533,0.102,80,2019,Solo
Panini,Lil Nas X,lgbtq+ hip hop,2019,2020‑06‑22,154,0.594,0.703,-6.146,0.123,0.475,114893,0.342,0.0752,76,2019,Solo
Ransom,Lil Tecca,melodic rap,2019,2020‑06‑22,180,0.642,0.745,-6.257,0.0658,0.226,131240,0.0204,0.287,83,2019,Solo
Truth Hurts,Lizzo,dance pop,2019,2020‑06‑22,158,0.624,0.715,-3.046,0.123,0.412,173325,0.11,0.114,80,2019,Solo
Good as Hell,Lizzo,dance pop,2019,2020‑06‑22,96,0.919,0.682,-3.18,0.442,0.535,159736,0.256,0.0875,77,2019,Solo
Soltera - Remix,Lunay,latin,2019,2020‑06‑22,92,0.783,0.795,-4.271,0.437,0.799,266087,0.361,0.0432,74,2019,Solo
Light On,Maggie Rogers,indie pop,2019,2020‑06‑22,102,0.04,0.44,-16.887,0.111,0.249,193749,0.981,0.0322,72,2019,Solo
Here With Me,Marshmello,brostep,2019,2020‑06‑22,100,0.45,0.575,-9.306,0.124,0.263,242485,0.531,0.0259,77,2019,Solo
One Thing Right,Marshmello,brostep,2019,2020‑06‑22,88,0.625,0.659,-2.253,0.582,0.442,181824,0.0644,0.045,77,2019,Solo
Piece Of Your Heart,MEDUZA,edm,2019,2020‑06‑22,124,0.86,0.797,-4.38,0.334,0.192,166452,0.0312,0.0413,81,2019,Band/Group
Hot Girl Summer (feat. Nicki Minaj & Ty Dolla $ign),Megan Thee Stallion,dance pop,2019,2020‑06‑22,99,0.814,0.872,-4.568,0.214,0.57,199427,0.00485,0.155,73,2019,Solo
Slide Away,Miley Cyrus,dance pop,2019,2020‑06‑22,148,0.538,0.534,-6.673,0.248,0.289,233654,0.173,0.0327,74,2019,Solo
Pure Water (with Migos),Mustard,cali rap,2019,2020‑06‑22,202,0.559,0.68,-5.545,0.344,0.135,192471,0.177,0.127,80,2019,Solo
Shotta Flow (feat. Blueface) [Remix],NLE Choppa,memphis hip hop,2019,2020‑06‑22,120,0.514,0.893,-4.776,0.142,0.555,176632,0.0245,0.424,74,2019,Solo
Motivation,Normani,dance pop,2019,2020‑06‑22,171,0.672,0.744,-5.589,0.105,0.266,230560,0.187,0.0417,76,2019,Solo
Clout (feat. Cardi B),Offset,atl hip hop,2019,2020‑06‑22,140,0.622,0.919,-7.384,0.122,0.423,205803,0.23,0.0997,73,2019,Solo
Adan y Eva,Paulo Londra,argentine hip hop,2019,2020‑06‑22,172,0.709,0.767,-4.47,0.0745,0.72,256972,0.323,0.336,76,2019,Solo
Pop Out (feat. Lil Tjay),Polo G,chicago rap,2019,2020‑06‑22,168,0.639,0.772,-7.119,0.0698,0.261,166560,0.15,0.467,83,2019,Solo
Circles,Post Malone,dfw rap,2019,2020‑06‑22,120,0.763,0.695,-3.497,0.0863,0.551,215280,0.189,0.0396,89,2019,Solo
Sunflower - Spider-Man: Into the Spider-Verse,Post Malone,dfw rap,2019,2020‑06‑22,90,0.522,0.755,-4.368,0.0685,0.925,157560,0.533,0.0575,84,2019,Solo
Wow.,Post Malone,dfw rap,2019,2020‑06‑22,100,0.538,0.829,-7.359,0.103,0.389,149547,0.137,0.212,83,2019,Solo
Goodbyes (feat. Young Thug),Post Malone,dfw rap,2019,2020‑06‑22,150,0.653,0.547,-3.875,0.103,0.163,174853,0.456,0.081,82,2019,Solo
Ride It,Regard,dance pop,2019,2020‑06‑22,118,0.751,0.88,-4.258,0.106,0.884,157606,0.177,0.0874,85,2019,Solo
Keisha & Becky - Remix,Russ Millions,uk drill,2019,2020‑08‑20,141,0.471,0.863,-9.545,0.121,0.643,252907,0.247,0.477,73,2019,Solo
Post Malone (feat. RANI),Sam Feldt,dance pop,2019,2020‑06‑22,107,0.642,0.59,-3.87,0.105,0.651,174444,0.0771,0.122,74,2019,Solo
My Type,Saweetie,cali rap,2019,2020‑06‑22,105,0.896,0.595,-2.951,0.0748,0.567,204812,0.0641,0.047,76,2019,Solo
Otro Trago,Sech,latin,2019,2020‑06‑22,176,0.79,0.725,-2.331,0.0602,0.763,287773,0.0711,0.197,76,2019,Solo
Señorita,Shawn Mendes,canadian pop,2019,2020‑06‑22,117,0.548,0.759,-6.049,0.0828,0.75,190800,0.0379,0.0289,83,2019,Solo
If I Can't Have You,Shawn Mendes,canadian pop,2019,2020‑06‑22,124,0.809,0.69,-4.198,0.147,0.864,190800,0.524,0.0603,78,2019,Solo
Don’t Feel Like Crying,Sigrid,dance pop,2019,2020‑06‑22,120,0.814,0.749,-3.769,0.0673,0.714,157010,0.156,0.0404,56,2019,Solo
Vossi Bop,Stormzy,grime,2019,2020‑06‑22,188,0.653,0.682,-6.062,0.129,0.428,196267,0.13,0.339,69,2019,Solo
Lover,Taylor Swift,pop,2019,2020‑06‑22,69,0.871,0.559,-5.338,0.096,0.572,213920,7.53e-06,0.0397,86,2019,Solo
Cruel Summer,Taylor Swift,pop,2019,2021‑08‑17,170,0.702,0.552,-5.707,0.105,0.564,178427,0.117,0.157,82,2019,Solo
You Need To Calm Down,Taylor Swift,pop,2019,2020‑06‑22,85,0.671,0.771,-5.617,0.0637,0.714,171360,0.00929,0.0553,81,2019,Solo
EARFQUAKE,"Tyler, The Creator",hip hop,2019,2020‑06‑22,80,0.498,0.554,-8.866,0.795,0.413,190067,0.23,0.0685,85,2019,Solo
Boasty (feat. Idris Elba),Wiley,grime,2019,2020‑06‑22,103,0.765,0.887,-5.207,0.0907,0.456,177186,0.00915,0.0669,68,2019,Solo
Strike a Pose (feat. Aitch),Young T & Bugsey,afroswing,2019,2020‑08‑20,138,0.581,0.531,-5.801,0.101,0.591,214204,0.0107,0.101,67,2019,Duo
The London (feat. J. Cole & Travis Scott),Young Thug,atl hip hop,2019,2020‑06‑22,98,0.517,0.784,-8.981,0.155,0.206,200187,0.0249,0.209,75,2019,Solo
Dancing On My Own,Calum Scott,neo mellow,2018,2020‑06‑08,113,0.174,0.681,-8.745,0.0983,0.231,260285,0.837,0.0315,84,2016,Solo
Perfect Strangers,Jonas Blue,dance pop,2018,2020‑06‑08,118,0.861,0.73,-4.1,0.213,0.704,196613,0.39,0.0451,80,2016,Solo
Fast Car,Jonas Blue,dance pop,2018,2020‑06‑08,114,0.603,0.712,-5.52,0.115,0.67,265493,0.186,0.0262,77,2016,Solo
Sweet Lovin' - Radio Edit,Sigala,dance pop,2018,2020‑06‑08,125,0.85,0.68,-2.785,0.339,0.71,202213,0.207,0.0661,69,2016,Solo
Just Hold On,Steve Aoki,dance pop,2018,2020‑06‑08,115,0.932,0.647,-3.515,0.0574,0.374,198774,0.00383,0.0824,61,2016,Solo
Havana (feat. Young Thug),Camila Cabello,dance pop,2018,2021‑01‑28,105,0.523,0.765,-4.333,0.132,0.394,217307,0.184,0.03,84,2017,Solo
Bodak Yellow,Cardi B,dance pop,2018,2021‑01‑28,125,0.703,0.926,-6.337,0.231,0.485,223713,0.0659,0.103,77,2017,Solo
broken,lovelytheband,indie poptimism,2018,2021‑06‑25,123,0.684,0.692,-7.364,0.156,0.406,231253,0.131,0.155,76,2017,Band/Group
Cold (feat. Future),Maroon 5,pop,2018,2021‑01‑28,100,0.717,0.692,-6.346,0.0464,0.412,234308,0.138,0.107,68,2017,Band/Group
Don't Wanna Know (feat. Kendrick Lamar),Maroon 5,pop,2018,2021‑01‑28,100,0.234,0.794,-16.037,0.0874,0.092,216698,0.159,0.0673,66,2017,Band/Group
Little Dark Age,MGMT,alternative dance,2018,2022‑03‑08,98,0.712,0.705,-6.156,0.1,0.62,299960,0.0102,0.0385,85,2017,Band/Group
No Lie,Sean Paul,dance pop,2018,2021‑01‑28,102,0.882,0.742,-2.862,0.206,0.463,221176,0.0466,0.117,89,2017,Solo
BUTTERFLY EFFECT,Travis Scott,hip hop,2018,2021‑01‑28,141,0.628,0.763,-5.85,0.114,0.193,190557,0.0531,0.05,81,2017,Solo
Youngblood,5 Seconds of Summer,boy band,2018,2020‑06‑22,120,0.854,0.597,-5.114,0.124,0.152,203418,0.0169,0.463,74,2018,Band/Group
FEFE,6ix9ine,emo rap,2018,2020‑06‑22,126,0.383,0.93,-9.34,0.119,0.385,179405,0.0896,0.409,75,2018,Solo
GUMMO,6ix9ine,emo rap,2018,2020‑06‑22,157,0.771,0.691,-5.17,0.135,0.673,157643,0.0511,0.164,67,2018,Solo
God is a woman,Ariana Grande,dance pop,2018,2020‑06‑22,145,0.658,0.602,-5.934,0.237,0.268,197547,0.0233,0.0558,83,2018,Solo
no tears left to cry,Ariana Grande,dance pop,2018,2020‑06‑22,122,0.713,0.699,-5.507,0.294,0.354,205920,0.04,0.0594,82,2018,Solo
Jumanji,B Young,afroswing,2018,2020‑06‑22,96,0.555,0.823,-6.948,0.106,0.338,183240,0.0191,0.304,65,2018,Solo
Answerphone (feat. Yxng Bane),Banx & Ranx,basshall,2018,2020‑06‑22,113,0.834,0.671,-3.928,0.454,0.454,190921,0.0387,0.0885,60,2018,Duo
Mine,Bazzi,dance pop,2018,2020‑06‑22,143,0.789,0.71,-3.874,0.451,0.717,131064,0.0161,0.0722,80,2018,Solo
Eastside (with Halsey & Khalid),benny blanco,electropop,2018,2020‑06‑22,89,0.686,0.632,-7.665,0.2,0.329,170770,0.549,0.243,80,2018,Solo
lovely (with Khalid),Billie Eilish,art pop,2018,2020‑06‑22,115,0.296,0.351,-10.109,0.095,0.12,200186,0.934,0.0333,91,2018,Solo
Look Alive (feat. Drake),BlocBoy JB,memphis hip hop,2018,2020‑06‑22,140,0.58,0.918,-7.501,0.106,0.611,181415,0.00108,0.322,78,2018,Solo
One Kiss (with Dua Lipa),Calvin Harris,dance pop,2018,2020‑06‑22,124,0.862,0.791,-3.24,0.0814,0.592,214847,0.037,0.11,86,2018,Solo
Never Be the Same,Camila Cabello,dance pop,2018,2020‑06‑22,130,0.713,0.637,-4.333,0.137,0.243,226973,0.181,0.0747,79,2018,Solo
I Like It,Cardi B,dance pop,2018,2020‑06‑22,136,0.726,0.816,-3.998,0.372,0.65,253390,0.099,0.129,83,2018,Solo
Bodak Yellow,Cardi B,dance pop,2018,2020‑06‑22,125,0.703,0.926,-6.337,0.231,0.485,223713,0.0659,0.103,77,2018,Solo
Be Careful,Cardi B,dance pop,2018,2020‑06‑22,152,0.568,0.82,-8.23,0.0952,0.535,210787,0.0256,0.411,72,2018,Solo
Miss You (with Major Lazer & Tory Lanez),Cashmere Cat,dance pop,2018,2021‑06‑15,100,0.641,0.747,-4.502,0.106,0.453,186231,0.25,0.0925,61,2018,Solo
How Long,Charlie Puth,dance pop,2018,2020‑06‑22,110,0.561,0.845,-5.253,0.0383,0.811,200853,0.211,0.0778,77,2018,Solo
Done for Me (feat. Kehlani),Charlie Puth,dance pop,2018,2021‑08‑17,112,0.632,0.856,-3.692,0.0688,0.697,180493,0.193,0.074,72,2018,Solo
The Way I Am,Charlie Puth,dance pop,2018,2021‑08‑17,115,0.871,0.785,-2.692,0.309,0.315,290427,0.144,0.265,68,2018,Solo
This Is America,Childish Gambino,atl hip hop,2018,2020‑06‑22,120,0.463,0.854,-6.159,0.354,0.549,225773,0.117,0.137,75,2018,Solo
Tequila,Dan + Shay,contemporary country,2018,2020‑06‑22,86,0.581,0.489,-5.731,0.132,0.494,196747,0.0312,0.0281,75,2018,Duo
No Brainer,DJ Khaled,dance pop,2018,2020‑06‑22,136,0.76,0.552,-4.706,0.0865,0.639,260000,0.0733,0.342,71,2018,Solo
God's Plan,Drake,canadian hip hop,2018,2020‑06‑22,77,0.843,0.698,-6.89,0.115,0.885,118393,0.889,0.0372,86,2018,Solo
Nonstop,Drake,canadian hip hop,2018,2020‑06‑22,155,0.412,0.912,-8.074,0.104,0.423,238614,0.0165,0.123,82,2018,Solo
Nice For What,Drake,canadian hip hop,2018,2020‑06‑22,93,0.909,0.585,-6.474,0.119,0.758,210747,0.0891,0.0707,81,2018,Solo
In My Feelings,Drake,canadian hip hop,2018,2020‑06‑22,91,0.626,0.835,-5.833,0.396,0.35,217925,0.0589,0.125,80,2018,Solo
I'm Upset,Drake,canadian hip hop,2018,2020‑06‑22,150,0.33,0.88,-13.571,0.0482,0.841,157427,0.168,0.325,73,2018,Solo
In My Mind,Dynoro,edm,2018,2020‑06‑22,126,0.77,0.694,-5.335,0.118,0.163,184560,0.176,0.149,83,2018,Solo
Trip,Ella Mai,dance pop,2018,2020‑06‑22,80,0.609,0.477,-5.628,0.107,0.357,213993,0.222,0.144,77,2018,Solo
German,EO,afroswing,2018,2020‑06‑22,103,0.803,0.802,-4.408,0.0903,0.886,227422,0.0181,0.0312,71,2018,Solo
Let's Fall in Love for the Night,FINNEAS,alt z,2018,2021‑06‑15,128,0.225,0.492,-13.011,0.646,0.612,160426,0.97,0.104,77,2018,Solo
Shotgun,George Ezra,folk-pop,2018,2020‑06‑22,116,0.735,0.673,-4.733,0.242,0.754,201287,0.286,0.0457,81,2018,Solo
Paradise,George Ezra,folk-pop,2018,2020‑06‑22,138,0.98,0.268,-5.959,0.182,0.39,405600,0.019,0.101,73,2018,Solo
we fell in love in october,girl in red,bedroom pop,2018,2021‑03‑02,130,0.366,0.566,-12.808,0.155,0.237,184154,0.113,0.028,88,2018,Solo
Natural,Imagine Dragons,modern rock,2018,2020‑06‑22,100,0.611,0.704,-6.112,0.0812,0.22,189467,0.217,0.041,85,2018,Band/Group
Make Me Feel,Janelle Monáe,afrofuturism,2018,2021‑06‑15,115,0.413,0.859,-7.399,0.334,0.697,194230,0.132,0.182,68,2018,Solo
You Make It Easy,Jason Aldean,contemporary country,2018,2020‑06‑22,132,0.571,0.542,-5.299,0.101,0.506,193227,0.156,0.028,74,2018,Solo
"King's Dead (with Kendrick Lamar, Future & James Blake)",Jay Rock,conscious hip hop,2018,2020‑06‑22,137,0.599,0.564,-5.923,0.17,0.823,226116,0.0146,0.322,76,2018,Solo
Rise,Jonas Blue,dance pop,2018,2020‑06‑22,106,0.129,0.483,-20.149,0.106,0.203,161929,0.947,0.0349,74,2018,Solo
Lucid Dreams,Juice WRLD,chicago rap,2018,2020‑06‑22,84,0.566,0.511,-7.23,0.34,0.218,239836,0.349,0.2,89,2018,Solo
All The Stars (with SZA),Kendrick Lamar,conscious hip hop,2018,2020‑06‑22,97,0.633,0.695,-4.946,0.0926,0.557,232187,0.0612,0.0599,85,2018,Solo
Love Lies (with Normani),Khalid,pop,2018,2020‑06‑22,144,0.648,0.708,-5.626,0.134,0.338,201707,0.0956,0.0449,78,2018,Solo
1950,King Princess,alt z,2018,2021‑06‑10,72,0.535,0.6,-7.043,0.162,0.269,225133,0.648,0.107,77,2018,Solo
I Like Me Better,Lauv,dance pop,2018,2020‑06‑22,92,0.505,0.753,-7.621,0.104,0.419,197437,0.534,0.255,86,2018,Solo
Yes Indeed,Lil Baby,atl hip hop,2018,2020‑06‑22,120,0.346,0.963,-9.309,0.108,0.562,142273,0.0355,0.53,84,2018,Solo
Freaky Friday (feat. Chris Brown),Lil Dicky,comedy rap,2018,2020‑06‑22,133,0.599,0.755,-5.042,0.109,0.755,216632,0.147,0.224,74,2018,Solo
Everyday,Logic,conscious hip hop,2018,2021‑08‑17,150,0.661,0.394,-8.684,0.343,0.335,260987,0.00996,0.192,74,2018,Solo
Bad Vibe,M.O,afroswing,2018,2020‑06‑22,110,0.526,0.8,-5.153,0.0571,0.746,150475,0.334,0.0716,58,2018,Band/Group
Corazón (feat. Nego do Borel),Maluma,latin,2018,2020‑06‑22,198,0.738,0.722,-6.073,0.198,0.748,184720,0.328,0.247,74,2018,Solo
Wait,Maroon 5,pop,2018,2020‑06‑22,126,0.642,0.463,-4.474,0.0686,0.339,189893,0.314,0.34,64,2018,Band/Group
Happier,Marshmello,brostep,2018,2020‑06‑22,100,0.792,0.687,-2.749,0.167,0.671,214290,0.191,0.0452,86,2018,Solo
FRIENDS,Marshmello,brostep,2018,2020‑06‑22,95,0.608,0.328,-6.368,0.108,0.0796,230011,0.0117,0.038,83,2018,Solo
Spotlight,Marshmello,brostep,2018,2021‑08‑17,150,0.822,0.546,-4.483,0.742,0.615,177600,0.0145,0.151,76,2018,Solo
Walk It Talk It,Migos,atl hip hop,2018,2020‑06‑22,146,0.633,0.908,-5.145,0.106,0.395,276147,0.0859,0.183,79,2018,Trio
MotorSport,Migos,atl hip hop,2018,2020‑08‑11,138,0.518,0.902,-5.32,0.325,0.188,303077,0.0305,0.183,77,2018,Trio
Stir Fry,Migos,atl hip hop,2018,2020‑06‑22,182,0.816,0.817,-5.402,0.159,0.508,190288,0.00263,0.269,75,2018,Trio
Te Boté - Remix,Nio Garcia,latin,2018,2020‑06‑22,97,0.675,0.903,-3.445,0.0595,0.442,417920,0.542,0.214,81,2018,Solo
Vaina Loca,Ozuna,latin,2018,2020‑06‑22,94,0.805,0.754,-4.249,0.203,0.555,176133,0.315,0.0752,77,2018,Solo
Déjala Que Vuelva (feat. Manuel Turizo),Piso 21,colombian pop,2018,2020‑06‑22,170,0.788,0.681,-4.323,0.0753,0.839,220117,0.0482,0.0785,76,2018,Band/Group
rockstar (feat. 21 Savage),Post Malone,dfw rap,2018,2020‑06‑22,160,0.52,0.585,-6.136,0.131,0.129,218147,0.124,0.0713,87,2018,Solo
Better Now,Post Malone,dfw rap,2018,2020‑06‑22,145,0.578,0.674,-5.804,0.135,0.34,231267,0.331,0.0408,84,2018,Solo
Psycho (feat. Ty Dolla $ign),Post Malone,dfw rap,2018,2020‑06‑22,140,0.56,0.75,-8.094,0.111,0.459,221440,0.546,0.105,82,2018,Solo
Powerglide (feat. Juicy J) - From SR3MM,Rae Sremmurd,hip hop,2018,2020‑06‑22,174,0.831,0.713,-4.75,0.118,0.589,332301,0.0166,0.149,71,2018,Duo
Plug Walk,Rich The Kid,atl hip hop,2018,2020‑06‑22,95,0.519,0.872,-6.531,0.108,0.154,175230,0.203,0.177,77,2018,Solo
Mo Bamba,Sheck Wes,rap,2018,2020‑08‑11,146,0.625,0.729,-5.266,0.248,0.261,183907,0.194,0.0315,81,2018,Solo
It's Not Living (If It's Not With You),The 1975,modern alternative rock,2018,2021‑06‑15,121,0.961,0.547,-5.382,0.985,0.416,253557,0.0044,0.0576,75,2018,Band/Group
This Feeling,The Chainsmokers,dance pop,2018,2022‑01‑24,105,0.962,0.411,-5.952,0.529,0.622,172646,0.103,0.0917,78,2018,Duo
Sick Boy,The Chainsmokers,dance pop,2018,2022‑01‑24,90,0.814,0.62,-3.192,0.0977,0.654,168676,0.306,0.0911,74,2018,Duo
Call Out My Name,The Weeknd,canadian contemporary r&b,2018,2020‑06‑22,134,0.593,0.461,-4.954,0.307,0.174,228373,0.165,0.0356,85,2018,Solo
Pray For Me (with Kendrick Lamar),The Weeknd,canadian contemporary r&b,2018,2020‑06‑22,101,0.677,0.735,-4.979,0.111,0.187,211440,0.0756,0.0932,74,2018,Solo
Jackie Chan,Tiësto,big room,2018,2020‑06‑22,128,0.834,0.747,-2.867,0.0586,0.687,215760,0.374,0.045,76,2018,Solo
SICKO MODE,Travis Scott,hip hop,2018,2020‑06‑22,155,0.73,0.834,-3.714,0.124,0.446,312820,0.00513,0.222,86,2018,Solo
Taste (feat. Offset),Tyga,dance pop,2018,2020‑06‑22,98,0.613,0.866,-6.385,0.104,0.359,229210,0.0293,0.151,78,2018,Solo
Saturday Sun,Vance Joy,folk-pop,2018,2021‑06‑15,100,0.864,0.637,-4.381,0.222,0.706,214720,0.484,0.0468,75,2018,Solo
SAD!,XXXTENTACION,emo rap,2018,2020‑06‑22,75,0.613,0.74,-4.88,0.123,0.473,166606,0.258,0.145,88,2018,Solo
Moonlight,XXXTENTACION,emo rap,2018,2020‑06‑22,128,0.537,0.921,-5.723,0.102,0.711,135090,0.556,0.0804,87,2018,Solo
changes,XXXTENTACION,emo rap,2018,2020‑06‑22,65,0.308,0.669,-10.068,0.0984,0.52,121887,0.883,0.029,84,2018,Solo
If You're Over Me,Years & Years,dance pop,2018,2020‑06‑22,104,0.853,0.647,-4.516,0.062,0.618,189000,0.0615,0.0904,60,2018,Band/Group
"BIG BANK (feat. 2 Chainz, Big Sean, Nicki Minaj)",YG,cali rap,2018,2020‑06‑22,204,0.346,0.745,-7.709,0.0882,0.112,237240,0.00547,0.335,73,2018,Solo
The Middle,Zedd,complextro,2018,2020‑06‑22,107,0.849,0.643,-5.428,0.058,0.903,165853,0.0371,0.0526,84,2018,Solo
a lot,21 Savage,atl hip hop,2018,2020‑06‑22,146,0.636,0.837,-7.643,0.342,0.274,288624,0.0395,0.086,83,2019,Solo
Swervin (feat. 6ix9ine),A Boogie Wit da Hoodie,melodic rap,2018,2020‑06‑22,93,0.662,0.581,-5.239,0.111,0.434,189487,0.0153,0.303,80,2019,Solo
Look Back at It,A Boogie Wit da Hoodie,melodic rap,2018,2020‑06‑22,96,0.587,0.791,-5.075,0.148,0.536,179449,0.407,0.0413,78,2019,Solo
MIA (feat. Drake),Bad Bunny,latin,2018,2020‑06‑22,97,0.539,0.817,-6.349,0.099,0.158,210368,0.0141,0.0621,82,2019,Solo
lovely (with Khalid),Billie Eilish,art pop,2018,2020‑06‑22,115,0.296,0.351,-10.109,0.095,0.12,200186,0.934,0.0333,91,2019,Solo
Thotiana,Blueface,cali rap,2018,2020‑06‑22,104,0.382,0.906,-12.89,0.113,0.391,129264,0.18,0.269,71,2019,Solo
Money,Cardi B,dance pop,2018,2020‑06‑22,130,0.531,0.716,-7.355,0.224,0.344,386907,0.0703,0.122,78,2019,Solo
3 Nights,Dominic Fike,alternative pop rock,2018,2020‑06‑22,152,0.518,0.815,-6.594,0.104,0.877,177667,0.223,0.0897,84,2019,Solo
Without Me,Halsey,dance pop,2018,2020‑06‑22,136,0.669,0.908,-2.827,0.237,0.662,290320,0.00286,0.0738,82,2019,Solo
Better,Khalid,pop,2018,2020‑06‑22,98,0.564,0.562,-6.946,0.0932,0.314,212467,0.705,0.0361,81,2019,Solo
ZEZE (feat. Travis Scott & Offset),Kodak Black,florida rap,2018,2020‑06‑22,98,0.603,0.861,-5.788,0.0924,0.504,228760,0.0521,0.176,82,2019,Solo
Shallow,Lady Gaga,art pop,2018,2020‑06‑22,96,0.385,0.577,-6.362,0.231,0.331,215733,0.371,0.03,87,2019,Solo
Nothing Breaks Like a Heart (feat. Miley Cyrus),Mark Ronson,dance pop,2018,2020‑06‑22,114,0.794,0.601,-5.844,0.418,0.244,217099,0.00987,0.0671,84,2019,Solo
Going Bad (feat. Drake),Meek Mill,hip hop,2018,2020‑06‑22,86,0.496,0.889,-6.365,0.252,0.544,180522,0.259,0.0905,83,2019,Solo
High Hopes,Panic! At The Disco,modern rock,2018,2020‑06‑22,82,0.904,0.579,-2.729,0.064,0.681,190947,0.193,0.0618,85,2019,Band/Group
Better Now,Post Malone,dfw rap,2018,2020‑06‑22,145,0.578,0.674,-5.804,0.135,0.34,231267,0.331,0.0408,84,2019,Solo
SICKO MODE,Travis Scott,hip hop,2018,2020‑06‑22,155,0.73,0.834,-3.714,0.124,0.446,312820,0.00513,0.222,86,2019,Solo
Hotter Than Hell,Dua Lipa,dance pop,2017,2020‑06‑08,110,0.868,0.532,-4.23,0.0584,0.529,187958,0.011,0.0908,70,2016,Solo
You & Me,Marc E. Bassy,pop,2017,2020‑06‑08,84,0.675,0.663,-5.851,0.21,0.455,224280,0.353,0.0321,69,2016,Solo
NO,Meghan Trainor,dance pop,2017,2020‑06‑08,92,0.472,0.898,-7.001,0.141,0.214,274192,0.0107,0.0776,75,2016,Solo
Treat You Better,Shawn Mendes,canadian pop,2017,2020‑06‑08,83,0.82,0.443,-4.091,0.107,0.771,187973,0.107,0.34,86,2016,Solo
Never Forget You,Zara Larsson,dance pop,2017,2020‑06‑08,146,0.732,0.583,-5.729,0.269,0.277,213428,0.00315,0.0459,78,2016,Solo
It's A Vibe,2 Chainz,atl hip hop,2017,2021‑01‑28,73,0.32,0.864,-12.778,0.0526,0.826,113839,0.295,0.38,77,2017,Solo
Bank Account,21 Savage,atl hip hop,2017,2021‑01‑28,75,0.347,0.884,-8.227,0.0871,0.376,220307,0.015,0.35,82,2017,Solo
Drowning (feat. Kodak Black),A Boogie Wit da Hoodie,melodic rap,2017,2021‑01‑28,129,0.81,0.839,-5.274,0.117,0.814,209269,0.501,0.0568,79,2017,Solo
Plain Jane,A$AP Ferg,gangster rap,2017,2021‑01‑28,170,0.844,0.797,-5.482,0.087,0.52,173600,0.0651,0.275,79,2017,Solo
Weak,AJR,modern rock,2017,2021‑01‑28,124,0.643,0.67,-4.553,0.192,0.703,201159,0.118,0.0466,71,2017,Trio
Caroline,Aminé,hip hop,2017,2021‑01‑28,120,0.335,0.94,-10.179,0.262,0.707,209640,0.17,0.505,80,2017,Solo
More Than You Know,Axwell /\ Ingrosso,dance pop,2017,2021‑01‑28,123,0.741,0.646,-4.973,0.312,0.571,203000,0.0275,0.034,83,2017,Duo
Rolex,Ayo & Teo,social media pop,2017,2021‑01‑28,145,0.886,0.804,-2.512,0.266,0.789,238587,0.0837,0.04,73,2017,Duo
Bounce Back,Big Sean,detroit hip hop,2017,2021‑01‑28,82,0.575,0.785,-5.628,0.129,0.272,222360,0.105,0.133,76,2017,Solo
Man's Not Hot,Big Shaq,london rap,2017,2021‑01‑28,135,0.952,0.576,-5.149,0.0565,0.618,160840,0.0145,0.15,67,2017,Solo
Bored,Billie Eilish,art pop,2017,2021‑09‑20,120,0.318,0.614,-12.695,0.0795,0.112,180933,0.896,0.0478,88,2017,Solo
do re mi,blackbear,electropop,2017,2021‑01‑28,111,0.936,0.716,-4.968,0.367,0.799,164523,0.0318,0.123,77,2017,Solo
"Feels (feat. Pharrell Williams, Katy Perry & Big Sean)",Calvin Harris,dance pop,2017,2021‑01‑28,101,0.745,0.893,-3.105,0.0943,0.872,223413,0.0642,0.0571,81,2017,Solo
Slide (feat. Frank Ocean & Migos),Calvin Harris,dance pop,2017,2021‑01‑28,104,0.795,0.736,-3.299,0.254,0.511,230813,0.498,0.0545,77,2017,Solo
No Promises (feat. Demi Lovato),Cheat Codes,dance pop,2017,2021‑01‑28,113,0.619,0.739,-6.669,0.105,0.58,222787,0.0572,0.162,66,2017,Trio
Sorry Not Sorry,Demi Lovato,dance pop,2017,2021‑01‑28,144,0.643,0.705,-6.929,0.262,0.884,203760,0.0242,0.232,81,2017,Solo
"I'm the One (feat. Justin Bieber, Quavo, Chance the Rapper & Lil Wayne)",DJ Khaled,dance pop,2017,2021‑01‑28,81,0.571,0.679,-9.238,0.0742,0.356,289987,0.00624,0.0494,70,2017,Solo
Wild Thoughts (feat. Rihanna & Bryson Tiller),DJ Khaled,dance pop,2017,2021‑01‑28,98,0.681,0.613,-3.089,0.126,0.619,204664,0.0287,0.0778,70,2017,Solo
Passionfruit,Drake,canadian hip hop,2017,2021‑01‑28,112,0.463,0.809,-11.377,0.109,0.364,298941,0.256,0.0396,86,2017,Solo
Fake Love,Drake,canadian hip hop,2017,2021‑01‑28,134,0.481,0.928,-9.35,0.176,0.613,210937,0.105,0.287,78,2017,Solo
Perfect,Ed Sheeran,pop,2017,2021‑01‑28,95,0.663,0.634,-6.818,0.102,0.6,177533,0.433,0.0331,89,2017,Solo
Shape of You,Ed Sheeran,pop,2017,2021‑01‑28,96,0.652,0.825,-3.183,0.0931,0.931,233713,0.581,0.0802,89,2017,Solo
Sit Next to Me,Foster The People,indietronica,2017,2021‑06‑25,97,0.738,0.638,-4.976,0.689,0.657,243147,0.117,0.0292,75,2017,Band/Group
Unforgettable,French Montana,gangster rap,2017,2021‑01‑28,98,0.769,0.726,-5.043,0.104,0.733,233902,0.0293,0.123,86,2017,Solo
Mask Off,Future,atl hip hop,2017,2021‑01‑28,150,0.434,0.833,-8.795,0.165,0.281,204600,0.0102,0.431,84,2017,Solo
Him & I (with Halsey),G-Eazy,indie pop rap,2017,2021‑01‑28,88,0.731,0.589,-6.343,0.308,0.191,268867,0.0534,0.0868,80,2017,Solo
No Limit,G-Eazy,indie pop rap,2017,2021‑01‑28,176,0.771,0.838,-3.791,0.0853,0.405,245387,0.0117,0.244,76,2017,Solo
Most Girls,Hailee Steinfeld,dance pop,2017,2021‑01‑28,103,0.572,0.756,-7.019,0.0853,0.417,204400,0.0478,0.0763,77,2017,Solo
Now Or Never,Halsey,dance pop,2017,2021‑01‑28,110,0.707,0.535,-5.879,0.308,0.784,256013,0.264,0.21,71,2017,Solo
Believer,Imagine Dragons,modern rock,2017,2021‑01‑28,125,0.78,0.776,-4.374,0.081,0.666,204347,0.0622,0.128,91,2017,Band/Group
Thunder,Imagine Dragons,modern rock,2017,2021‑01‑28,168,0.89,0.502,-5.175,0.217,0.259,292880,0.000147,0.0364,87,2017,Band/Group
Whatever It Takes,Imagine Dragons,modern rock,2017,2021‑01‑28,135,0.655,0.672,-5.021,0.117,0.555,201240,0.0362,0.031,84,2017,Band/Group
HUMBLE.,Kendrick Lamar,conscious hip hop,2017,2021‑01‑28,150,0.621,0.908,-6.638,0.0958,0.421,177000,0.000282,0.102,87,2017,Solo
LOVE. FEAT. ZACARI.,Kendrick Lamar,conscious hip hop,2017,2021‑01‑28,126,0.585,0.8,-7.343,0.153,0.779,213400,0.264,0.0924,85,2017,Solo
DNA.,Kendrick Lamar,conscious hip hop,2017,2021‑01‑28,140,0.523,0.638,-6.664,0.0842,0.422,185947,0.00454,0.357,83,2017,Solo
ELEMENT.,Kendrick Lamar,conscious hip hop,2017,2021‑01‑28,190,0.705,0.748,-4.547,0.246,0.483,208733,0.204,0.485,76,2017,Solo
Young Dumb & Broke,Khalid,pop,2017,2021‑01‑28,137,0.539,0.799,-6.351,0.165,0.394,202547,0.199,0.0421,84,2017,Solo
Location,Khalid,pop,2017,2021‑01‑28,80,0.79,0.717,-4.213,0.518,0.371,168784,0.33,0.2,83,2017,Solo
Tunnel Vision,Kodak Black,florida rap,2017,2021‑01‑28,172,0.489,0.497,-7.724,0.122,0.231,268187,0.0576,0.294,78,2017,Solo
Lust For Life (with The Weeknd),Lana Del Rey,art pop,2017,2021‑01‑28,100,0.655,0.504,-8.644,0.364,0.262,264066,0.604,0.0542,73,2017,Solo
Save That Shit,Lil Peep,emo rap,2017,2021‑01‑28,106,0.583,0.534,-8.672,0.421,0.145,231547,0.0262,0.0288,82,2017,Solo
Gucci Gang,Lil Pump,emo rap,2017,2021‑01‑28,120,0.523,0.936,-6.71,0.117,0.699,124056,0.239,0.0597,69,2017,Solo
XO Tour Llif3,Lil Uzi Vert,melodic rap,2017,2021‑01‑28,155,0.75,0.732,-6.366,0.109,0.401,182707,0.00264,0.231,86,2017,Solo
1-800-273-8255,Logic,conscious hip hop,2017,2021‑01‑28,100,0.574,0.62,-7.788,0.19,0.357,250173,0.569,0.0479,82,2017,Solo
Liability,Lorde,art pop,2017,2021‑06‑25,76,0.229,0.587,-11.254,0.1,0.379,171728,0.92,0.128,79,2017,Solo
Green Light,Lorde,art pop,2017,2021‑01‑28,129,0.721,0.594,-7.812,0.0879,0.253,234653,0.0209,0.0957,78,2017,Solo
"Homemade Dynamite (Feat. Khalid, Post Malone & SZA) - REMIX",Lorde,art pop,2017,2021‑06‑25,107,0.548,0.781,-4.997,0.127,0.175,214255,0.229,0.0764,71,2017,Solo
Bad Things (with Camila Cabello),Machine Gun Kelly,ohio hip hop,2017,2021‑01‑28,138,0.691,0.697,-4.757,0.185,0.305,239293,0.214,0.146,76,2017,Solo
Glorious (feat. Skylar Grey),Macklemore,pop rap,2017,2021‑01‑28,140,0.794,0.731,-5.126,0.112,0.356,220454,0.0323,0.0522,78,2017,Solo
Bad and Boujee (feat. Lil Uzi Vert),Migos,atl hip hop,2017,2021‑01‑28,127,0.666,0.926,-5.314,0.123,0.168,343150,0.0611,0.244,78,2017,Trio
Slippery (feat. Gucci Mane),Migos,atl hip hop,2017,2021‑01‑28,142,0.675,0.92,-5.661,0.104,0.749,304041,0.307,0.263,74,2017,Trio
T-Shirt,Migos,atl hip hop,2017,2021‑01‑28,139,0.863,0.633,-5.337,0.0217,0.765,227693,0.0288,0.0378,71,2017,Trio
Sky Walker (feat. Travis Scott),Miguel,dance pop,2017,2021‑01‑28,146,0.506,0.674,-10.532,0.0866,0.183,259333,0.173,0.0434,78,2017,Solo
Malibu,Miley Cyrus,dance pop,2017,2021‑01‑28,140,0.781,0.573,-6.406,0.0813,0.343,231907,0.0767,0.0555,77,2017,Solo
Nights With You,MØ,art pop,2017,2021‑06‑25,120,0.442,0.543,-11.867,0.346,0.365,170920,0.476,0.0284,61,2017,Solo
Slow Hands,Niall Horan,dance pop,2017,2021‑01‑28,86,0.425,0.735,-6.648,0.055,0.848,188174,0.011,0.0464,79,2017,Solo
Magnolia,Playboi Carti,atl hip hop,2017,2021‑01‑28,163,0.582,0.791,-7.323,0.35,0.443,181812,0.0114,0.286,82,2017,Solo
Chameleon,PNAU,alternative dance,2017,2021‑01‑28,120,0.73,0.668,-7.182,0.188,0.894,252773,0.225,0.0366,48,2017,Trio
Feel It Still,Portugal. The Man,indie rock,2017,2021‑01‑28,79,0.795,0.801,-5.115,0.0717,0.754,163253,0.0417,0.0504,81,2017,Band/Group
Losin Control,Russ,hawaiian hip hop,2017,2021‑01‑28,97,0.245,0.759,-6.545,0.102,0.209,237507,0.515,0.138,79,2017,Solo
Too Good At Goodbyes,Sam Smith,dance pop,2017,2021‑01‑28,92,0.372,0.715,-8.237,0.169,0.474,201000,0.638,0.0443,77,2017,Solo
Fetish (feat. Gucci Mane),Selena Gomez,dance pop,2017,2021‑08‑17,123,0.618,0.708,-4.424,0.062,0.265,186113,0.0204,0.0592,74,2017,Solo
Don't Leave,Snakehips,edm,2017,2021‑01‑28,122,0.716,0.523,-5.861,0.299,0.386,169107,0.0045,0.0355,68,2017,Duo
Love Galore (feat. Travis Scott),SZA,pop,2017,2021‑01‑28,135,0.594,0.795,-6.2,0.162,0.409,275080,0.112,0.0748,81,2017,Solo
Look What You Made Me Do,Taylor Swift,pop,2017,2021‑01‑28,128,0.709,0.766,-6.471,0.126,0.506,211853,0.204,0.123,81,2017,Solo
...Ready For It?,Taylor Swift,pop,2017,2021‑01‑28,160,0.764,0.613,-6.509,0.197,0.417,208187,0.0527,0.136,78,2017,Solo
Something Just Like This,The Chainsmokers,dance pop,2017,2021‑01‑28,103,0.635,0.617,-6.769,0.164,0.446,247160,0.0498,0.0317,87,2017,Duo
Paris,The Chainsmokers,dance pop,2017,2021‑01‑28,100,0.648,0.849,-6.188,0.0984,0.195,111020,0.0706,0.0835,77,2017,Duo
All Night,The Vamps,boy band,2017,2021‑01‑28,145,0.528,0.82,-11.18,0.257,0.926,272107,0.107,0.032,78,2017,Duo
Middle Of The Night,The Vamps,boy band,2017,2021‑01‑28,130,0.611,0.41,-8.271,0.116,0.0899,184448,0.0228,0.0467,65,2017,Duo
Jocelyn Flores,XXXTENTACION,emo rap,2017,2021‑01‑28,134,0.391,0.872,-9.144,0.297,0.437,119133,0.469,0.242,89,2017,Solo
Rake It Up (feat. Nicki Minaj),Yo Gotti,dirty south rap,2017,2021‑01‑28,150,0.444,0.91,-8.126,0.137,0.53,276333,0.022,0.344,73,2017,Solo
I Would Like,Zara Larsson,dance pop,2017,2021‑01‑28,121,0.353,0.657,-19.724,0.0946,0.24,203347,0.471,0.0643,62,2017,Solo
Stay,Zedd,complextro,2017,2021‑01‑28,102,0.764,0.591,-5.484,0.103,0.478,141806,0.0383,0.0483,80,2017,Solo
Finesse - Remix; feat. Cardi B,Bruno Mars,dance pop,2017,2020‑06‑22,105,0.859,0.704,-4.877,0.0215,0.926,217289,0.0185,0.0996,78,2018,Solo
Nevermind,Dennis Lloyd,israeli pop,2017,2020‑06‑22,100,0.688,0.6,-8.339,0.409,0.0793,156600,0.159,0.201,79,2018,Solo
IDGAF,Dua Lipa,dance pop,2017,2020‑06‑22,97,0.672,0.673,-8.577,0.193,0.14,260111,0.0466,0.224,83,2018,Solo
Boo'd Up,Ella Mai,dance pop,2017,2020‑06‑22,82,0.515,0.929,-8.103,0.226,0.589,195387,0.427,0.0629,73,2018,Solo
River (feat. Ed Sheeran),Eminem,detroit hip hop,2017,2020‑06‑22,90,0.749,0.748,-5.916,0.0713,0.659,221013,0.142,0.516,77,2018,Solo
Him & I (with Halsey),G-Eazy,indie pop rap,2017,2020‑06‑22,88,0.731,0.589,-6.343,0.308,0.191,268867,0.0534,0.0868,80,2018,Solo
"Let Me Go (with Alesso, Florida Georgia Line & watt)",Hailee Steinfeld,dance pop,2017,2020‑06‑22,103,0.708,0.664,-4.154,0.0841,0.742,174800,0.0337,0.0474,81,2018,Solo
Bad At Love,Halsey,dance pop,2017,2020‑06‑22,118,0.751,0.675,-3.539,0.0893,0.612,181279,0.0604,0.0296,77,2018,Solo
The Greatest Show,Hugh Jackman,hollywood,2017,2020‑06‑22,158,0.824,0.417,-7.36,0.0725,0.4,302147,0.000239,0.105,77,2018,Band/Group
LOVE. FEAT. ZACARI.,Kendrick Lamar,conscious hip hop,2017,2020‑08‑11,126,0.585,0.8,-7.343,0.153,0.779,213400,0.264,0.0924,85,2018,Solo
Body,Loud Luxury,dance pop,2017,2020‑06‑22,122,0.764,0.752,-4.399,0.0543,0.582,163216,0.0476,0.038,77,2018,Duo
"Home (with Machine Gun Kelly, X Ambassadors & Bebe Rexha)",Machine Gun Kelly,ohio hip hop,2017,2021‑05‑06,82,0.718,0.653,-5.232,0.0537,0.216,202805,0.00413,0.213,77,2018,Solo
Silence,Marshmello,brostep,2017,2020‑06‑22,142,0.761,0.52,-3.093,0.17,0.286,180823,0.256,0.0853,84,2018,Solo
17,MK,dance pop,2017,2020‑06‑22,122,0.483,0.738,-9.097,0.086,0.774,181307,0.467,0.0526,69,2018,Solo
Let You Down,NF,hip hop,2017,2020‑06‑22,148,0.714,0.661,-5.68,0.179,0.464,212120,0.314,0.121,84,2018,Solo
Ric Flair Drip (with Metro Boomin),Offset,atl hip hop,2017,2020‑06‑22,100,0.428,0.88,-8.28,0.114,0.333,172800,0.149,0.206,85,2018,Solo
Delicate,Taylor Swift,pop,2017,2020‑06‑22,95,0.404,0.75,-10.178,0.0911,0.0499,232253,0.216,0.0682,81,2018,Solo
Alarm,Anne-Marie,dance pop,2016,2020‑06‑08,147,0.589,0.756,-5.093,0.176,0.811,205593,0.0812,0.232,62,2016,Solo
Into You,Ariana Grande,dance pop,2016,2020‑06‑08,108,0.734,0.623,-5.948,0.145,0.37,244453,0.0162,0.107,73,2016,Solo
Side To Side,Ariana Grande,dance pop,2016,2020‑06‑08,159,0.736,0.649,-5.84,0.235,0.612,226160,0.0528,0.23,72,2016,Solo
Dangerous Woman,Ariana Grande,dance pop,2016,2020‑06‑08,134,0.602,0.664,-5.369,0.356,0.289,235947,0.0529,0.0412,72,2016,Solo
Good Grief,Bastille,metropopolis,2016,2021‑08‑09,120,0.758,0.731,-4.888,0.311,0.88,206493,0.143,0.065,70,2016,Band/Group
Sorry,Beyoncé,dance pop,2016,2020‑08‑11,130,0.675,0.819,-4.281,0.289,0.602,207747,0.0318,0.0727,72,2016,Solo
This Is What You Came For,Calvin Harris,dance pop,2016,2020‑06‑08,124,0.927,0.631,-2.787,0.148,0.465,222160,0.199,0.0332,84,2016,Solo
My Way,Calvin Harris,dance pop,2016,2020‑06‑08,120,0.913,0.818,-3.06,0.161,0.536,219160,0.093,0.0426,78,2016,Solo
We Don't Talk Anymore (feat. Selena Gomez),Charlie Puth,dance pop,2016,2020‑06‑08,100,0.563,0.728,-8.053,0.179,0.352,217707,0.621,0.134,73,2016,Solo
One Call Away,Charlie Puth,dance pop,2016,2020‑06‑08,91,0.613,0.667,-5.353,0.115,0.47,194453,0.403,0.0344,70,2016,Solo
Dangerously,Charlie Puth,dance pop,2016,2021‑08‑17,112,0.407,0.609,-8.026,0.19,0.459,293133,0.345,0.0808,58,2016,Solo
Sex,Cheat Codes,dance pop,2016,2020‑06‑08,102,0.905,0.542,-5.653,0.136,0.374,203347,0.00172,0.054,66,2016,Trio
Tears (feat. Louisa Johnson),Clean Bandit,dance pop,2016,2020‑06‑08,130,0.77,0.605,-3.645,0.159,0.298,225915,0.0431,0.0446,65,2016,Band/Group
This One's for You (feat. Zara Larsson) (Official Song UEFA EURO 2016),David Guetta,big room,2016,2020‑06‑08,110,0.915,0.367,-3.456,0.0905,0.365,207273,0.0022,0.0488,72,2016,Solo
"Sit Still, Look Pretty",Daya,alt z,2016,2020‑06‑08,182,0.734,0.846,-3.601,0.425,0.717,207761,0.286,0.108,76,2016,Solo
Hide Away,Daya,alt z,2016,2020‑06‑08,95,0.826,0.884,-3.672,0.0651,0.465,191368,0.222,0.0853,72,2016,Solo
Let Me Love You,DJ Snake,dance pop,2016,2020‑06‑08,100,0.593,0.622,-8.352,0.0979,0.607,249093,0.163,0.0916,86,2016,Solo
Middle,DJ Snake,dance pop,2016,2020‑06‑25,105,0.849,0.643,-5.428,0.058,0.903,165853,0.0371,0.0526,79,2016,Solo
Cake By The Ocean,DNCE,dance pop,2016,2020‑06‑08,119,0.753,0.774,-5.446,0.0371,0.896,219147,0.152,0.0517,84,2016,Band/Group
Too Good,Drake,canadian hip hop,2016,2020‑06‑08,118,0.706,0.66,-5.219,0.129,0.453,169573,0.092,0.0291,78,2016,Solo
DUELE EL CORAZON (feat. Wisin),Enrique Iglesias,dance pop,2016,2020‑06‑08,91,0.908,0.716,-3.254,0.135,0.869,199693,0.0858,0.103,72,2016,Solo
Work from Home (feat. Ty Dolla $ign),Fifth Harmony,dance pop,2016,2020‑06‑08,105,0.585,0.803,-5.861,0.0644,0.593,214480,0.103,0.0432,81,2016,Band/Group
All In My Head (Flex) (feat. Fetty Wap),Fifth Harmony,dance pop,2016,2020‑06‑08,95,0.791,0.689,-5.194,0.0526,0.755,210573,0.023,0.053,67,2016,Band/Group
Say It (feat. Tove Lo),Flume,australian dance,2016,2020‑06‑29,75,0.532,0.598,-6.833,0.0617,0.261,262521,0.0668,0.0295,64,2016,Solo
Pink + White,Frank Ocean,alternative r&b,2016,2020‑06‑08,160,0.545,0.545,-7.362,0.417,0.549,184516,0.667,0.107,84,2016,Solo
Low Life (feat. The Weeknd),Future,atl hip hop,2016,2020‑06‑08,144,0.331,0.722,-7.789,0.146,0.102,313547,0.337,0.0726,78,2016,Solo
No Money,Galantis,dance pop,2016,2020‑06‑08,126,0.655,0.667,-9.339,0.0641,0.657,506400,0.0491,0.0367,72,2016,Duo
"i hate u, i love u (feat. olivia o'brien)",Garrett Nash,electropop,2016,2020‑06‑08,93,0.275,0.492,-13.4,0.101,0.18,251034,0.687,0.3,82,2016,Solo
Starving,Hailee Steinfeld,dance pop,2016,2020‑06‑08,100,0.616,0.728,-4.238,0.105,0.508,181880,0.378,0.0645,81,2016,Solo
Can I Be Him,James Arthur,pop,2016,2020‑06‑08,108,0.543,0.696,-6.164,0.0939,0.479,246880,0.308,0.0489,80,2016,Solo
Love Me Now,John Legend,neo soul,2016,2020‑06‑08,123,0.762,0.495,-3.842,0.0763,0.708,210293,0.591,0.0862,59,2016,Solo
"CAN'T STOP THE FEELING! (from DreamWorks Animation's ""TROLLS"")",Justin Timberlake,dance pop,2016,2020‑06‑08,113,0.832,0.669,-5.721,0.0968,0.7,237547,0.0106,0.0682,77,2016,Solo
Stole the Show,Kygo,edm,2016,2020‑06‑08,100,0.635,0.64,-7.565,0.319,0.475,223187,0.271,0.226,78,2016,Solo
"Sucker for Pain (with Wiz Khalifa, Imagine Dragons, Logic & Ty Dolla $ign feat. X Ambassadors)",Lil Wayne,hip hop,2016,2020‑06‑08,169,0.786,0.502,-4.378,0.65,0.739,243491,0.255,0.317,80,2016,Solo
Shout Out to My Ex,Little Mix,dance pop,2016,2020‑06‑08,126,0.747,0.773,-4.061,0.109,0.801,246240,0.0242,0.0885,81,2016,Band/Group
7 Years,Lukas Graham,danish pop,2016,2020‑06‑08,120,0.473,0.765,-5.829,0.391,0.34,237300,0.287,0.0514,83,2016,Band/Group
Cold Water,Major Lazer,dance pop,2016,2020‑06‑08,93,0.798,0.608,-5.092,0.156,0.5,185360,0.0736,0.0432,72,2016,Trio
Alone,Marshmello,brostep,2016,2021‑08‑17,142,0.452,0.418,-13.099,0.0959,0.168,218733,0.638,0.0355,76,2016,Solo
In the Name of Love,Martin Garrix,dance pop,2016,2020‑06‑08,134,0.519,0.501,-5.88,0.454,0.168,195707,0.109,0.0409,81,2016,Solo
The Ocean (feat. Shy Martin),Mike Perry,dance pop,2016,2020‑06‑08,90,0.575,0.632,-6.478,0.104,0.188,183414,0.0225,0.029,75,2016,Solo
I Took A Pill In Ibiza - Seeb Remix,Mike Posner,dance pop,2016,2020‑06‑08,102,0.714,0.664,-6.645,0.0843,0.71,197933,0.0353,0.111,81,2016,Solo
Final Song,MØ,art pop,2016,2020‑06‑08,105,0.672,0.695,-6.109,0.0756,0.245,235827,0.014,0.0345,70,2016,Solo
This Town,Niall Horan,dance pop,2016,2020‑06‑08,112,0.401,0.677,-8.467,0.116,0.195,232852,0.712,0.0308,64,2016,Solo
Close,Nick Jonas,dance pop,2016,2020‑06‑08,124,0.727,0.59,-7.955,0.0827,0.356,225973,0.0259,0.0706,74,2016,Solo
History,Olivia Holt,alt z,2016,2020‑06‑08,101,0.373,0.438,-9.769,0.123,0.274,97050,0.803,0.0291,64,2016,Solo
Wherever I Go,OneRepublic,dance pop,2016,2021‑11‑25,100,0.675,0.54,-6.449,0.237,0.348,169773,0.1,0.0429,68,2016,Band/Group
"Just Like Fire (From the Original Motion Picture ""Alice Through The Looking Glass"")",P!nk,dance pop,2016,2020‑06‑29,163,0.702,0.632,-5.92,0.108,0.523,215414,0.0114,0.148,73,2016,Solo
Not Nice,PARTYNEXTDOOR,pop,2016,2020‑06‑08,128,0.554,0.425,-4.145,0.0963,0.288,237297,0.134,0.0298,67,2016,Solo
Needed Me,Rihanna,barbadian pop,2016,2020‑06‑08,111,0.315,0.697,-8.091,0.0825,0.298,191600,0.11,0.234,84,2016,Solo
Work,Rihanna,barbadian pop,2016,2020‑06‑08,92,0.427,0.831,-6.903,0.307,0.216,235320,0.0531,0.106,80,2016,Solo
You Don't Own Me (feat. G-Eazy),SAYGRACE,dance pop,2016,2020‑06‑08,186,0.664,0.336,-5.68,0.0575,0.294,199315,0.166,0.102,74,2016,Solo
The Greatest (feat. Kendrick Lamar),Sia,australian dance,2016,2020‑06‑08,192,0.725,0.668,-6.127,0.0561,0.729,210227,0.0102,0.266,73,2016,Solo
Cheap Thrills (feat. Sean Paul),Sia,australian dance,2016,2020‑06‑08,90,0.788,0.592,-4.924,0.125,0.755,224493,0.0599,0.201,73,2016,Solo
Somebody Else,The 1975,modern alternative rock,2016,2020‑06‑08,101,0.788,0.61,-5.724,0.153,0.472,347520,0.195,0.0585,76,2016,Band/Group
The Sound,The 1975,modern alternative rock,2016,2021‑08‑09,121,0.28,0.322,-9.367,0.102,0.175,248467,0.468,0.0281,63,2016,Band/Group
Closer,The Chainsmokers,dance pop,2016,2020‑06‑08,95,0.524,0.748,-5.599,0.111,0.661,244960,0.414,0.0338,88,2016,Duo
Don't Let Me Down,The Chainsmokers,dance pop,2016,2020‑06‑08,160,0.502,0.455,-7.539,0.094,0.674,209453,0.699,0.0493,83,2016,Duo
Ophelia,The Lumineers,folk-pop,2016,2020‑06‑08,76,0.573,0.664,-6.519,0.0857,0.566,160097,0.613,0.0277,79,2016,Band/Group
Starboy,The Weeknd,canadian contemporary r&b,2016,2020‑06‑08,186,0.587,0.679,-7.015,0.137,0.486,230453,0.141,0.276,88,2016,Solo
Once In a While,Timeflies,dance pop,2016,2020‑06‑25,105,0.142,0.209,-11.37,0.0945,0.0386,103500,0.902,0.0416,65,2016,Duo
Girls Like (feat. Zara Larsson),Tinie Tempah,dance pop,2016,2020‑06‑08,120,0.815,0.916,-3.418,0.0765,0.577,195307,0.386,0.0495,67,2016,Solo
Cool Girl,Tove Lo,art pop,2016,2020‑06‑08,102,0.694,0.674,-7.076,0.0752,0.203,199179,0.313,0.109,69,2016,Solo
PILLOWTALK,ZAYN,dance pop,2016,2020‑06‑08,125,0.7,0.584,-4.275,0.0939,0.438,202747,0.117,0.0456,82,2016,Solo
That's What I Like,Bruno Mars,dance pop,2016,2021‑01‑28,134,0.924,0.526,-3.853,0.427,0.794,207253,0.008,0.106,86,2017,Solo
24K Magic,Bruno Mars,dance pop,2016,2021‑01‑28,107,0.803,0.818,-4.282,0.153,0.632,225983,0.034,0.0797,82,2017,Solo
Redbone,Childish Gambino,atl hip hop,2016,2021‑01‑28,160,0.353,0.745,-10.614,0.118,0.598,326933,0.174,0.0983,87,2017,Solo
Rockabye (feat. Sean Paul & Anne-Marie),Clean Bandit,dance pop,2016,2021‑01‑28,102,0.73,0.717,-4.729,0.398,0.792,251173,0.383,0.0568,80,2017,Band/Group
iSpy (feat. Lil Yachty),KYLE,pop,2016,2021‑01‑28,75,0.653,0.746,-6.745,0.229,0.672,253107,0.378,0.289,76,2017,Solo
Touch (feat. Kid Ink),Little Mix,dance pop,2016,2021‑01‑28,102,0.752,0.641,-3.929,0.494,0.547,202947,0.0448,0.109,59,2017,Band/Group
Congratulations,Post Malone,dfw rap,2016,2021‑01‑28,123,0.804,0.63,-4.183,0.253,0.492,220293,0.215,0.0364,85,2017,Solo
I Fall Apart,Post Malone,dfw rap,2016,2021‑01‑28,144,0.538,0.556,-5.408,0.196,0.291,223347,0.0689,0.0382,83,2017,Solo
Swang,Rae Sremmurd,hip hop,2016,2021‑01‑28,140,0.314,0.681,-9.319,0.1,0.166,208120,0.2,0.0581,80,2017,Duo
Black Beatles,Rae Sremmurd,hip hop,2016,2021‑01‑28,146,0.127,0.686,-14.361,0.0573,0.372,138387,0.754,0.0342,80,2017,Duo
Chill Bill (feat. J. Davi$ & Spooks),Rob $tone,san diego rap,2016,2021‑01‑28,108,0.427,0.886,-10.028,0.0906,0.23,177184,0.0312,0.145,81,2017,Solo
Broccoli,Shelley FKA DRAM,alternative r&b,2016,2021‑01‑28,146,0.525,0.886,-7.39,0.057,0.708,225205,0.236,0.132,64,2017,Solo
I Feel It Coming,The Weeknd,canadian contemporary r&b,2016,2021‑01‑28,93,0.819,0.773,-5.946,0.0679,0.585,269187,0.428,0.118,82,2017,Solo
goosebumps,Travis Scott,hip hop,2016,2021‑01‑28,130,0.728,0.841,-3.37,0.149,0.43,243837,0.0847,0.0484,88,2017,Solo
Juju on That Beat (TZ Anthem),Zay Hilfigerrr,hip hop,2016,2021‑01‑28,161,0.887,0.807,-3.892,0.391,0.78,144244,0.00381,0.275,62,2017,Solo
When We Were Young,Adele,british soul,2015,2020‑06‑08,144,0.988,0.467,-3.313,0.28,0.321,220427,0.000152,0.112,79,2016,Solo
Send My Love (To Your New Lover),Adele,british soul,2015,2020‑06‑08,164,0.533,0.688,-8.363,0.172,0.567,223079,0.0355,0.0865,77,2016,Solo
Hello,Adele,british soul,2015,2020‑06‑08,79,0.43,0.578,-6.134,0.0854,0.288,295502,0.33,0.0305,77,2016,Solo
Here,Alessia Cara,canadian contemporary r&b,2015,2020‑06‑08,120,0.54,0.557,-10.484,0.179,0.394,185733,0.0339,0.0347,71,2016,Solo
Don't,Bryson Tiller,kentucky hip hop,2015,2020‑08‑11,97,0.534,0.615,-6.719,0.0607,0.193,236413,0.106,0.0386,83,2016,Solo
Exchange,Bryson Tiller,kentucky hip hop,2015,2020‑06‑08,160,0.433,0.525,-10.598,0.135,0.276,194613,0.107,0.185,81,2016,Solo
Back To Sleep,Chris Brown,dance pop,2015,2020‑06‑08,93,0.646,0.647,-5.483,0.0888,0.721,201253,0.0424,0.243,65,2016,Solo
Hymn for the Weekend,Coldplay,permanent wave,2015,2020‑06‑08,90,0.693,0.491,-6.487,0.325,0.412,258267,0.211,0.0377,86,2016,Band/Group
Adventure of a Lifetime,Coldplay,permanent wave,2015,2020‑06‑08,112,0.924,0.638,-3.887,0.149,0.53,263787,0.00205,0.036,79,2016,Band/Group
My House,Flo Rida,dance pop,2015,2020‑06‑08,94,0.702,0.688,-4.792,0.128,0.74,192191,0.0215,0.0499,81,2016,Solo
"Me, Myself & I",G-Eazy,indie pop rap,2015,2020‑06‑08,112,0.674,0.756,-6.518,0.158,0.389,251467,0.0184,0.0959,82,2016,Solo
Love Yourself,Justin Bieber,canadian pop,2015,2020‑06‑08,100,0.378,0.609,-9.828,0.28,0.515,233720,0.835,0.438,87,2016,Solo
Sorry,Justin Bieber,canadian pop,2015,2020‑06‑08,100,0.675,0.819,-4.281,0.289,0.602,207747,0.0318,0.0727,85,2016,Solo
Stay (feat. Maty Noyes),Kygo,edm,2015,2020‑06‑08,103,0.736,0.648,-7.948,0.171,0.378,239465,0.0444,0.0385,65,2016,Solo
History,One Direction,boy band,2015,2020‑06‑08,87,0.373,0.438,-9.769,0.123,0.274,97050,0.803,0.0291,77,2016,Band/Group
Lost Boy,Ruth B.,alt z,2015,2020‑06‑08,124,0.128,0.586,-9.297,0.0858,0.371,276067,0.963,0.0496,77,2016,Solo
Same Old Love,Selena Gomez,dance pop,2015,2020‑06‑08,98,0.593,0.672,-4.01,0.214,0.438,229080,0.0223,0.0304,70,2016,Solo
Hands To Myself,Selena Gomez,dance pop,2015,2020‑06‑08,111,0.507,0.811,-7.161,0.342,0.438,200680,0.0146,0.117,68,2016,Solo
I Know What You Did Last Summer,Shawn Mendes,canadian pop,2015,2020‑06‑08,114,0.761,0.687,-4.582,0.147,0.743,223853,0.102,0.0876,77,2016,Solo
All My Friends (feat. Tinashe & Chance the Rapper),Snakehips,edm,2015,2020‑06‑08,95,0.521,0.681,-5.849,0.108,0.181,229747,0.12,0.141,77,2016,Duo
Roses,The Chainsmokers,dance pop,2015,2020‑06‑08,100,0.721,0.785,-5.457,0.285,0.894,176219,0.0149,0.0506,78,2016,Duo
Renegades,X Ambassadors,modern alternative rock,2015,2021‑05‑06,90,0.862,0.526,-6.003,0.229,0.528,195200,0.0144,0.0905,80,2016,Band/Group
Unsteady,X Ambassadors,modern alternative rock,2015,2020‑06‑08,117,0.665,0.389,-6.169,0.116,0.199,193547,0.178,0.0644,78,2016,Band/Group